{
  "../Clip_Adapter_Trained/selected/clipadapter_100k_real_fake_04_best/": {
    "progan": {
      "accuracy": 99.875,
      "f1_score": 99.8749999921875,
      "average_precision": 99.9994748082142
    },
    "biggan": {
      "accuracy": 94.75,
      "f1_score": 94.74299635689647,
      "average_precision": 99.57959042037655
    },
    "cyclegan": {
      "accuracy": 97.45,
      "f1_score": 97.44859098437111,
      "average_precision": 99.96882771959476
    },
    "eg3d": {
      "accuracy": 95.3,
      "f1_score": 95.29487612009478,
      "average_precision": 99.49616109851735
    },
    "gaugan": {
      "accuracy": 95.47,
      "f1_score": 95.46076715500095,
      "average_precision": 99.97505427043166
    },
    "stargan": {
      "accuracy": 99.12456228114057,
      "f1_score": 99.1245096443775,
      "average_precision": 99.97910100729818
    },
    "stylegan": {
      "accuracy": 93.35,
      "f1_score": 93.33018899385901,
      "average_precision": 99.43774986994954
    },
    "stylegan2": {
      "accuracy": 78.35,
      "f1_score": 77.30583583314181,
      "average_precision": 98.79714417922716
    },
    "stylegan3": {
      "accuracy": 93.10526315789474,
      "f1_score": 93.07432014115142,
      "average_precision": 99.83083898600984
    },
    "dalle2": {
      "accuracy": 92.0,
      "f1_score": 91.96499953798747,
      "average_precision": 98.59655652789007
    },
    "glide_50_27": {
      "accuracy": 95.6,
      "f1_score": 95.5960364327895,
      "average_precision": 99.46579613876334
    },
    "glide_100_10": {
      "accuracy": 93.55,
      "f1_score": 93.533508830896,
      "average_precision": 99.15802817608996
    },
    "glide_100_27": {
      "accuracy": 93.65,
      "f1_score": 93.63440269520393,
      "average_precision": 99.15978687719503
    },
    "guided": {
      "accuracy": 81.65,
      "f1_score": 81.1072052846287,
      "average_precision": 96.16376744016203
    },
    "ldm_100": {
      "accuracy": 94.5,
      "f1_score": 94.49073893214495,
      "average_precision": 99.26426170710995
    },
    "ldm_200": {
      "accuracy": 94.05,
      "f1_score": 94.03765645828277,
      "average_precision": 99.0875663745692
    },
    "ldm_200_cfg": {
      "accuracy": 79.0,
      "f1_score": 78.16103429341587,
      "average_precision": 94.93540173103402
    },
    "sd_512x512": {
      "accuracy": 67.7,
      "f1_score": 64.2904129155938,
      "average_precision": 91.89572007703958
    },
    "sdxl": {
      "accuracy": 71.6,
      "f1_score": 69.36684284327472,
      "average_precision": 92.31546152745332
    },
    "taming": {
      "accuracy": 94.55,
      "f1_score": 94.5410459506205,
      "average_precision": 99.26586449435831
    },
    "deepfake": {
      "accuracy": 77.11267605633803,
      "f1_score": 76.04143241751238,
      "average_precision": 91.36587345579534
    },
    "firefly": {
      "accuracy": 61.4,
      "f1_score": 55.20046052998088,
      "average_precision": 87.22930958968706
    },
    "midjourney_v5": {
      "accuracy": 54.5,
      "f1_score": 43.51467811435856,
      "average_precision": 73.12452316628709
    },
    "dalle3": {
      "accuracy": 49.6,
      "f1_score": 33.675483616265296,
      "average_precision": 50.51453492702661
    },
    "faceswap": {
      "accuracy": 70.16071428571429,
      "f1_score": 68.63525868721987,
      "average_precision": 82.11272359258186
    }
  },
  "../Clip_Adapter_Trained/selected/clipadapter_10k_real_fake_04/": {
    "progan": {
      "accuracy": 99.5375,
      "f1_score": 99.53749981933588,
      "average_precision": 99.99031436314333
    },
    "biggan": {
      "accuracy": 93.025,
      "f1_score": 93.0051657101941,
      "average_precision": 99.41190978969604
    },
    "cyclegan": {
      "accuracy": 89.15,
      "f1_score": 89.02314876289117,
      "average_precision": 99.90146772837775
    },
    "eg3d": {
      "accuracy": 87.4,
      "f1_score": 87.3147040701678,
      "average_precision": 96.78773831968545
    },
    "gaugan": {
      "accuracy": 95.03,
      "f1_score": 95.01769325392961,
      "average_precision": 99.96358376162422
    },
    "stargan": {
      "accuracy": 97.52376188094047,
      "f1_score": 97.5223629401954,
      "average_precision": 99.89316551780034
    },
    "stylegan": {
      "accuracy": 85.25,
      "f1_score": 85.0101283260048,
      "average_precision": 97.61451264329337
    },
    "stylegan2": {
      "accuracy": 68.95,
      "f1_score": 65.89035644577514,
      "average_precision": 95.20824095257177
    },
    "stylegan3": {
      "accuracy": 82.42105263157895,
      "f1_score": 81.93389845176982,
      "average_precision": 98.45883543036403
    },
    "dalle2": {
      "accuracy": 92.4,
      "f1_score": 92.3922096226536,
      "average_precision": 98.35195558073787
    },
    "glide_50_27": {
      "accuracy": 93.7,
      "f1_score": 93.6977248786812,
      "average_precision": 98.6445299886519
    },
    "glide_100_10": {
      "accuracy": 91.4,
      "f1_score": 91.38480279212531,
      "average_precision": 97.91595875231774
    },
    "glide_100_27": {
      "accuracy": 90.25,
      "f1_score": 90.22201295658499,
      "average_precision": 97.59292331966465
    },
    "guided": {
      "accuracy": 79.5,
      "f1_score": 78.95447905149378,
      "average_precision": 92.28455130520244
    },
    "ldm_100": {
      "accuracy": 94.65,
      "f1_score": 94.64951711891997,
      "average_precision": 98.90072884529238
    },
    "ldm_200": {
      "accuracy": 94.15,
      "f1_score": 94.148769778846,
      "average_precision": 98.76607832232021
    },
    "ldm_200_cfg": {
      "accuracy": 79.75,
      "f1_score": 79.22816476219711,
      "average_precision": 92.81069918454237
    },
    "sd_512x512": {
      "accuracy": 60.8,
      "f1_score": 55.39859095956745,
      "average_precision": 79.0939977607982
    },
    "sdxl": {
      "accuracy": 70.05,
      "f1_score": 67.95831049894902,
      "average_precision": 85.57673578967643
    },
    "taming": {
      "accuracy": 93.45,
      "f1_score": 93.44697086228109,
      "average_precision": 98.50862482956133
    },
    "deepfake": {
      "accuracy": 70.95997034840623,
      "f1_score": 68.3885197168642,
      "average_precision": 91.79039883776292
    },
    "firefly": {
      "accuracy": 56.4,
      "f1_score": 48.483817301875376,
      "average_precision": 69.51140492606896
    },
    "midjourney_v5": {
      "accuracy": 53.15,
      "f1_score": 42.85189767379168,
      "average_precision": 61.72915975154083
    },
    "dalle3": {
      "accuracy": 51.25,
      "f1_score": 39.313420043563625,
      "average_precision": 54.790923268343384
    },
    "faceswap": {
      "accuracy": 62.214285714285715,
      "f1_score": 56.00371645624966,
      "average_precision": 82.94748738739864
    }
  },
  "../Clip_Adapter_Trained/selected/clipadapter_20k_real_fake_04/": {
    "progan": {
      "accuracy": 99.625,
      "f1_score": 99.62499941406158,
      "average_precision": 99.99589404447853
    },
    "biggan": {
      "accuracy": 94.85,
      "f1_score": 94.84581351202515,
      "average_precision": 99.43130943360148
    },
    "cyclegan": {
      "accuracy": 93.8,
      "f1_score": 93.77759935768768,
      "average_precision": 99.9447322537189
    },
    "eg3d": {
      "accuracy": 86.75,
      "f1_score": 86.58015508783035,
      "average_precision": 97.94516955827949
    },
    "gaugan": {
      "accuracy": 96.11,
      "f1_score": 96.10410469226139,
      "average_precision": 99.970825377498
    },
    "stargan": {
      "accuracy": 98.82441220610305,
      "f1_score": 98.82430032930426,
      "average_precision": 99.92328682365797
    },
    "stylegan": {
      "accuracy": 85.95,
      "f1_score": 85.72151206646559,
      "average_precision": 98.14015323288785
    },
    "stylegan2": {
      "accuracy": 67.65,
      "f1_score": 63.97228148729326,
      "average_precision": 96.69378503317594
    },
    "stylegan3": {
      "accuracy": 80.0,