{
  "../CoOp_Trained/trainingsetsizecomparison/10000_16context/": {
    "progan": {
      "accuracy": 99.5875,
      "f1_score": 99.58749968417943,
      "average_precision": 99.99477483508842
    },
    "biggan": {
      "accuracy": 89.7,
      "f1_score": 89.60114589314672,
      "average_precision": 99.42329391824171
    },
    "cyclegan": {
      "accuracy": 91.35,
      "f1_score": 91.28779266155165,
      "average_precision": 99.92825817638337
    },
    "eg3d": {
      "accuracy": 86.6,
      "f1_score": 86.47535688908985,
      "average_precision": 96.95690056993871
    },
    "gaugan": {
      "accuracy": 88.8,
      "f1_score": 88.65823657695209,
      "average_precision": 99.88218689290403
    },
    "stargan": {
      "accuracy": 98.34917458729365,
      "f1_score": 98.34895601821262,
      "average_precision": 99.89662682850404
    },
    "stylegan": {
      "accuracy": 90.7,
      "f1_score": 90.66860920135336,
      "average_precision": 98.39594175294539
    },
    "stylegan2": {
      "accuracy": 76.65,
      "f1_score": 75.42228798499865,
      "average_precision": 97.16500760689537
    },
    "stylegan3": {
      "accuracy": 88.3157894736842,
      "f1_score": 88.18221246465589,
      "average_precision": 98.94963184581232
    },
    "dalle2": {
      "accuracy": 93.65,
      "f1_score": 93.64586822581384,
      "average_precision": 98.7545758114212
    },
    "glide_50_27": {
      "accuracy": 95.85,
      "f1_score": 95.84994916187723,
      "average_precision": 99.34652517981057
    },
    "glide_100_10": {
      "accuracy": 94.3,
      "f1_score": 94.29794155690205,
      "average_precision": 98.9841523591201
    },
    "glide_100_27": {
      "accuracy": 94.1,
      "f1_score": 94.09739695205586,
      "average_precision": 98.91834846514182
    },
    "guided": {
      "accuracy": 83.6,
      "f1_score": 83.3354333397011,
      "average_precision": 95.09458476714366
    },
    "ldm_100": {
      "accuracy": 94.6,
      "f1_score": 94.59861724601497,
      "average_precision": 98.91120813668701
    },
    "ldm_200": {
      "accuracy": 93.7,
      "f1_score": 93.69606003752345,
      "average_precision": 98.70635654757976
    },
    "ldm_200_cfg": {
      "accuracy": 82.65,
      "f1_score": 82.32549160728261,
      "average_precision": 94.5705720804197
    },
    "sd_512x512": {
      "accuracy": 68.25,
      "f1_score": 65.55949949003653,
      "average_precision": 87.54586788341246
    },
    "sdxl": {
      "accuracy": 78.95,
      "f1_score": 78.3044209251541,
      "average_precision": 93.21506288349993
    },
    "taming": {
      "accuracy": 94.1,
      "f1_score": 94.09739695205586,
      "average_precision": 98.90422232906076
    },
    "deepfake": {
      "accuracy": 76.64936990363232,
      "f1_score": 75.40874031824221,
      "average_precision": 91.79332845767914
    },
    "firefly": {
      "accuracy": 67.8,
      "f1_score": 64.97502567047808,
      "average_precision": 88.36514626716934
    },
    "midjourney_v5": {
      "accuracy": 59.45,
      "f1_score": 53.118338620285996,
      "average_precision": 77.77245968621068
    },
    "dalle3": {
      "accuracy": 51.6,
      "f1_score": 39.58186657079658,
      "average_precision": 62.1698307555137
    },
    "faceswap": {
      "accuracy": 69.05357142857143,
      "f1_score": 66.46086704298776,
      "average_precision": 85.28949015266313
    }
  },
  "../CoOp_Trained/trainingsetsizecomparison/20000_16context_best_until_now/": {
    "progan": {
      "accuracy": 99.5,
      "f1_score": 99.499997999992,
      "average_precision": 99.99134454398241
    },
    "biggan": {
      "accuracy": 91.425,
      "f1_score": 91.38307813657683,
      "average_precision": 99.01616051200125
    },
    "cyclegan": {
      "accuracy": 93.3,
      "f1_score": 93.27068711306451,
      "average_precision": 99.8226285060272
    },
    "eg3d": {
      "accuracy": 87.5,
      "f1_score": 87.39792317773968,
      "average_precision": 97.40480784923466
    },
    "gaugan": {
      "accuracy": 87.82,
      "f1_score": 87.63658578286946,
      "average_precision": 99.76593192609545
    },
    "stargan": {
      "accuracy": 98.94947473736869,
      "f1_score": 98.94935878825497,
      "average_precision": 99.96703205468185
    },
    "stylegan": {
      "accuracy": 91.25,
      "f1_score": 91.21785515432862,
      "average_precision": 98.5493613913471
    },
    "stylegan2": {
      "accuracy": 78.7,
      "f1_score": 77.76559931104673,
      "average_precision": 97.24224057436705
    },
    "stylegan3": {
      "accuracy": 91.05263157894737,
      "f1_score": 90.9934628713175,
      "average_precision": 99.29540063928538
    },
    "dalle2": {
      "accuracy": 91.4,
      "f1_score": 91.3775730675487,
      "average_precision": 98.07427859075355
    },
    "glide_50_27": {
      "accuracy": 95.7,
      "f1_score": 95.69972478238607,
      "average_precision": 99.23804131257525
    },
    "glide_100_10": {
      "accuracy": 94.3,
      "f1_score": 94.29723986409422,
      "average_precision": 98.87601629519055
    },
    "glide_100_27": {
      "accuracy": 93.85,
      "f1_score": 93.84567812746502,
      "average_precision": 98.78509984958363
    },
    "guided": {
      "accuracy": 85.9,
      "f1_score": 85.73977207908055,
      "average_precision": 96.34237851011858
    },
    "ldm_100": {
      "accuracy": 94.95,
      "f1_score": 94.94878644594364,
      "average_precision": 99.05692348555381
    },
    "ldm_200": {
      "accuracy": 94.25,
      "f1_score": 94.24708758809149,
      "average_precision": 98.94068852583841
    },
    "ldm_200_cfg": {
      "accuracy": 79.2,
      "f1_score": 78.5582704771094,
      "average_precision": 93.20929958882955
    },
    "sd_512x512": {
      "accuracy": 68.55,
      "f1_score": 65.88492154209918,
      "average_precision": 88.69009054198578
    },
    "sdxl": {
      "accuracy": 74.4,
      "f1_score": 73.0854673088306,
      "average_precision": 92.24107605393237
    },
    "taming": {
      "accuracy": 94.85,
      "f1_score": 94.84859753067774,
      "average_precision": 98.90181406958366
    },
    "deepfake": {
      "accuracy": 84.95181616011861,
      "f1_score": 84.70313934009117,
      "average_precision": 94.85327378112481
    },
    "firefly": {
      "accuracy": 68.7,
      "f1_score": 66.0784033223657,
      "average_precision": 89.63236966787494
    },
    "midjourney_v5": {
      "accuracy": 59.25,
      "f1_score": 52.68470743619329,
      "average_precision": 79.12807226985812
    },
    "dalle3": {
      "accuracy": 52.35,
      "f1_score": 40.81316990812379,
      "average_precision": 69.7884373252099
    },
    "faceswap": {
      "accuracy": 76.125,
      "f1_score": 75.54969987543971,
      "average_precision": 87.76190866654791
    }
  },
  "../CoOp_Trained/trainingsetsizecomparison/30000_16context/": {
    "progan": {
      "accuracy": 99.725,
      "f1_score": 99.72499957031182,
      "average_precision": 99.9979496746695
    },
    "biggan": {
      "accuracy": 94.95,
      "f1_score": 94.94482349926325,
      "average_precision": 99.39988646671546
    },
    "cyclegan": {
      "accuracy": 97.75,
      "f1_score": 97.7490540399603,
      "average_precision": 99.8097781956694
    },
    "eg3d": {
      "accuracy": 89.55,
      "f1_score": 89.47838727337944,
      "average_precision": 98.49845487084848
    },
    "gaugan": {
      "accuracy": 93.28,
      "f1_score": 93.24951589385411,
      "average_precision": 99.9227515234008
    },
    "stargan": {
      "accuracy": 98.47423711855927,
      "f1_score": 98.47419502147301,
      "average_precision": 99.90445699948253
    },
    "stylegan": {
      "accuracy": 91.35,
      "f1_score": 91.30041016303181,
      "average_precision": 99.13025223994218
    },
    "stylegan2": {
      "accuracy": 74.5,
      "f1_score": 72.7708393842579,
      "average_precision": 98.20125284292271
    },
    "stylegan3": {
      "accuracy": 84.63157894736842,