{
  "weights/100000_16context_best_until_now/": {
    "progan": {
      "accuracy": 99.825,
      "f1_score": 99.82499995625,
      "average_precision": 99.99857431673938
    },
    "biggan": {
      "accuracy": 93.8,
      "f1_score": 93.78656500017162,
      "average_precision": 99.42106627503907
    }
  }
}